chapter,title,file,filename_from_book,lines
Chapter_01,Introduction,Chapter_01/hello.lua,hello.lua,11
Chapter_01,Introduction,Chapter_01/snippet_01.lua,,4
Chapter_01,Introduction,Chapter_01/snippet_02.lua,,1
Chapter_01,Introduction,Chapter_01/snippet_03.lua,,7
Chapter_01,Introduction,Chapter_01/snippet_04.lua,,1
Chapter_02,Installing Lua,Chapter_02/snippet_01.lua,,1
Chapter_02,Installing Lua,Chapter_02/snippet_02.lua,,1
Chapter_02,Installing Lua,Chapter_02/snippet_03.lua,,2
Chapter_02,Installing Lua,Chapter_02/snippet_04.lua,,2
Chapter_02,Installing Lua,Chapter_02/snippet_05.lua,,3
Chapter_03,First Steps,Chapter_03/snippet_01.lua,,1
Chapter_03,First Steps,Chapter_03/snippet_02.lua,,1
Chapter_03,First Steps,Chapter_03/snippet_03.lua,,1
Chapter_03,First Steps,Chapter_03/snippet_04.lua,,1
Chapter_03,First Steps,Chapter_03/greet.lua,greet.lua,4
Chapter_03,First Steps,Chapter_03/snippet_05.lua,,8
Chapter_03,First Steps,Chapter_03/snippet_06.lua,,6
Chapter_04,Understanding Variables and Data Types,Chapter_04/snippet_01.lua,,4
Chapter_04,Understanding Variables and Data Types,Chapter_04/snippet_02.lua,,2
Chapter_04,Understanding Variables and Data Types,Chapter_04/snippet_03.lua,,1
Chapter_04,Understanding Variables and Data Types,Chapter_04/snippet_04.lua,,1
Chapter_04,Understanding Variables and Data Types,Chapter_04/snippet_05.lua,,2
Chapter_04,Understanding Variables and Data Types,Chapter_04/snippet_06.lua,,1
Chapter_04,Understanding Variables and Data Types,Chapter_04/snippet_07.lua,,7
Chapter_04,Understanding Variables and Data Types,Chapter_04/snippet_08.lua,,4
Chapter_04,Understanding Variables and Data Types,Chapter_04/snippet_09.lua,,2
Chapter_04,Understanding Variables and Data Types,Chapter_04/snippet_10.lua,,2
Chapter_04,Understanding Variables and Data Types,Chapter_04/snippet_11.lua,,1
Chapter_04,Understanding Variables and Data Types,Chapter_04/snippet_12.lua,,1
Chapter_04,Understanding Variables and Data Types,Chapter_04/snippet_13.lua,,1
Chapter_04,Understanding Variables and Data Types,Chapter_04/snippet_14.lua,,2
Chapter_04,Understanding Variables and Data Types,Chapter_04/snippet_15.lua,,3
Chapter_04,Understanding Variables and Data Types,Chapter_04/snippet_16.lua,,5
Chapter_04,Understanding Variables and Data Types,Chapter_04/snippet_17.lua,,2
Chapter_04,Understanding Variables and Data Types,Chapter_04/snippet_18.lua,,2
Chapter_04,Understanding Variables and Data Types,Chapter_04/snippet_19.lua,,4
Chapter_04,Understanding Variables and Data Types,Chapter_04/snippet_20.lua,,3
Chapter_04,Understanding Variables and Data Types,Chapter_04/snippet_21.lua,,1
Chapter_04,Understanding Variables and Data Types,Chapter_04/snippet_22.lua,,1
Chapter_04,Understanding Variables and Data Types,Chapter_04/snippet_23.lua,,1
Chapter_04,Understanding Variables and Data Types,Chapter_04/snippet_24.lua,,6
Chapter_04,Understanding Variables and Data Types,Chapter_04/snippet_25.lua,,3
Chapter_04,Understanding Variables and Data Types,Chapter_04/snippet_26.lua,,8
Chapter_04,Understanding Variables and Data Types,Chapter_04/snippet_27.lua,,1
Chapter_04,Understanding Variables and Data Types,Chapter_04/snippet_28.lua,,3
Chapter_04,Understanding Variables and Data Types,Chapter_04/snippet_29.lua,,2
Chapter_04,Understanding Variables and Data Types,Chapter_04/snippet_30.lua,,5
Chapter_04,Understanding Variables and Data Types,Chapter_04/snippet_31.lua,,2
Chapter_04,Understanding Variables and Data Types,Chapter_04/snippet_32.lua,,10
Chapter_04,Understanding Variables and Data Types,Chapter_04/snippet_33.lua,,2
Chapter_04,Understanding Variables and Data Types,Chapter_04/snippet_34.lua,,4
Chapter_04,Understanding Variables and Data Types,Chapter_04/snippet_35.lua,,4
Chapter_05,Operators and Expressions in Practice,Chapter_05/snippet_01.lua,,7
Chapter_05,Operators and Expressions in Practice,Chapter_05/snippet_02.lua,,5
Chapter_05,Operators and Expressions in Practice,Chapter_05/snippet_03.lua,,5
Chapter_05,Operators and Expressions in Practice,Chapter_05/snippet_04.lua,,2
Chapter_05,Operators and Expressions in Practice,Chapter_05/snippet_05.lua,,6
Chapter_05,Operators and Expressions in Practice,Chapter_05/snippet_06.lua,,2
Chapter_05,Operators and Expressions in Practice,Chapter_05/snippet_07.lua,,5
Chapter_05,Operators and Expressions in Practice,Chapter_05/snippet_08.lua,,4
Chapter_05,Operators and Expressions in Practice,Chapter_05/snippet_09.lua,,3
Chapter_05,Operators and Expressions in Practice,Chapter_05/snippet_10.lua,,2
Chapter_05,Operators and Expressions in Practice,Chapter_05/snippet_11.lua,,4
Chapter_05,Operators and Expressions in Practice,Chapter_05/snippet_12.lua,,6
Chapter_05,Operators and Expressions in Practice,Chapter_05/snippet_13.lua,,1
Chapter_05,Operators and Expressions in Practice,Chapter_05/snippet_14.lua,,2
Chapter_05,Operators and Expressions in Practice,Chapter_05/snippet_15.lua,,4
Chapter_05,Operators and Expressions in Practice,Chapter_05/snippet_16.lua,,3
Chapter_05,Operators and Expressions in Practice,Chapter_05/snippet_17.lua,,3
Chapter_05,Operators and Expressions in Practice,Chapter_05/snippet_18.lua,,3
Chapter_05,Operators and Expressions in Practice,Chapter_05/snippet_19.lua,,5
Chapter_05,Operators and Expressions in Practice,Chapter_05/snippet_20.lua,,2
Chapter_05,Operators and Expressions in Practice,Chapter_05/snippet_21.lua,,4
Chapter_05,Operators and Expressions in Practice,Chapter_05/snippet_22.lua,,2
Chapter_05,Operators and Expressions in Practice,Chapter_05/simple_interest.lua,simple_interest.lua,14
Chapter_05,Operators and Expressions in Practice,Chapter_05/max3.lua,max3.lua,6
Chapter_05,Operators and Expressions in Practice,Chapter_05/pwd_hint.lua,pwd_hint.lua,7
Chapter_06,Control Flow Basics,Chapter_06/snippet_01.lua,,5
Chapter_06,Control Flow Basics,Chapter_06/snippet_02.lua,,9
Chapter_06,Control Flow Basics,Chapter_06/snippet_03.lua,,5
Chapter_06,Control Flow Basics,Chapter_06/snippet_04.lua,,7
Chapter_06,Control Flow Basics,Chapter_06/snippet_05.lua,,1
Chapter_06,Control Flow Basics,Chapter_06/snippet_06.lua,,1
Chapter_06,Control Flow Basics,Chapter_06/snippet_07.lua,,1
Chapter_06,Control Flow Basics,Chapter_06/snippet_08.lua,,3
Chapter_06,Control Flow Basics,Chapter_06/snippet_09.lua,,3
Chapter_06,Control Flow Basics,Chapter_06/snippet_10.lua,,3
Chapter_06,Control Flow Basics,Chapter_06/snippet_11.lua,,2
Chapter_06,Control Flow Basics,Chapter_06/snippet_12.lua,,7
Chapter_06,Control Flow Basics,Chapter_06/snippet_13.lua,,3
Chapter_06,Control Flow Basics,Chapter_06/snippet_14.lua,,1
Chapter_06,Control Flow Basics,Chapter_06/snippet_15.lua,,10
Chapter_06,Control Flow Basics,Chapter_06/snippet_16.lua,,13
Chapter_06,Control Flow Basics,Chapter_06/snippet_17.lua,,4
Chapter_06,Control Flow Basics,Chapter_06/snippet_18.lua,,1
Chapter_06,Control Flow Basics,Chapter_06/snippet_19.lua,,1
Chapter_06,Control Flow Basics,Chapter_06/snippet_20.lua,,1
Chapter_06,Control Flow Basics,Chapter_06/snippet_21.lua,,14
Chapter_06,Control Flow Basics,Chapter_06/snippet_22.lua,,6
Chapter_06,Control Flow Basics,Chapter_06/snippet_23.lua,,10
Chapter_06,Control Flow Basics,Chapter_06/snippet_24.lua,,9
Chapter_07,Functions and Procedures at a Beginner Level,Chapter_07/snippet_01.lua,,3
Chapter_07,Functions and Procedures at a Beginner Level,Chapter_07/snippet_02.lua,,2
Chapter_07,Functions and Procedures at a Beginner Level,Chapter_07/snippet_03.lua,,10
Chapter_07,Functions and Procedures at a Beginner Level,Chapter_07/snippet_04.lua,,2
Chapter_07,Functions and Procedures at a Beginner Level,Chapter_07/snippet_05.lua,,1
Chapter_07,Functions and Procedures at a Beginner Level,Chapter_07/snippet_06.lua,,2
Chapter_07,Functions and Procedures at a Beginner Level,Chapter_07/snippet_07.lua,,2
Chapter_07,Functions and Procedures at a Beginner Level,Chapter_07/snippet_08.lua,,3
Chapter_07,Functions and Procedures at a Beginner Level,Chapter_07/snippet_09.lua,,1
Chapter_07,Functions and Procedures at a Beginner Level,Chapter_07/snippet_10.lua,,11
Chapter_07,Functions and Procedures at a Beginner Level,Chapter_07/snippet_11.lua,,11
Chapter_07,Functions and Procedures at a Beginner Level,Chapter_07/snippet_12.lua,,5
Chapter_07,Functions and Procedures at a Beginner Level,Chapter_07/snippet_13.lua,,1
Chapter_07,Functions and Procedures at a Beginner Level,Chapter_07/snippet_14.lua,,1
Chapter_07,Functions and Procedures at a Beginner Level,Chapter_07/snippet_15.lua,,5
Chapter_07,Functions and Procedures at a Beginner Level,Chapter_07/snippet_16.lua,,3
Chapter_07,Functions and Procedures at a Beginner Level,Chapter_07/snippet_17.lua,,9
Chapter_07,Functions and Procedures at a Beginner Level,Chapter_07/snippet_18.lua,,1
Chapter_07,Functions and Procedures at a Beginner Level,Chapter_07/snippet_19.lua,,14
Chapter_07,Functions and Procedures at a Beginner Level,Chapter_07/snippet_20.lua,,1
Chapter_07,Functions and Procedures at a Beginner Level,Chapter_07/snippet_21.lua,,2
Chapter_07,Functions and Procedures at a Beginner Level,Chapter_07/snippet_22.lua,,6
Chapter_07,Functions and Procedures at a Beginner Level,Chapter_07/snippet_23.lua,,7
Chapter_07,Functions and Procedures at a Beginner Level,Chapter_07/snippet_24.lua,,6
Chapter_07,Functions and Procedures at a Beginner Level,Chapter_07/snippet_25.lua,,3
Chapter_07,Functions and Procedures at a Beginner Level,Chapter_07/snippet_26.lua,,7
Chapter_07,Functions and Procedures at a Beginner Level,Chapter_07/snippet_27.lua,,8
Chapter_07,Functions and Procedures at a Beginner Level,Chapter_07/snippet_28.lua,,13
Chapter_07,Functions and Procedures at a Beginner Level,Chapter_07/snippet_29.lua,,2
Chapter_07,Functions and Procedures at a Beginner Level,Chapter_07/snippet_30.lua,,1
Chapter_07,Functions and Procedures at a Beginner Level,Chapter_07/snippet_31.lua,,2
Chapter_07,Functions and Procedures at a Beginner Level,Chapter_07/snippet_32.lua,,2
Chapter_08,Working with Simple Data Structures,Chapter_08/snippet_01.lua,,3
Chapter_08,Working with Simple Data Structures,Chapter_08/snippet_02.lua,,6
Chapter_08,Working with Simple Data Structures,Chapter_08/snippet_03.lua,,3
Chapter_08,Working with Simple Data Structures,Chapter_08/snippet_04.lua,,2
Chapter_08,Working with Simple Data Structures,Chapter_08/snippet_05.lua,,5
Chapter_08,Working with Simple Data Structures,Chapter_08/snippet_06.lua,,3
Chapter_08,Working with Simple Data Structures,Chapter_08/snippet_07.lua,,7
Chapter_08,Working with Simple Data Structures,Chapter_08/snippet_08.lua,,4
Chapter_08,Working with Simple Data Structures,Chapter_08/snippet_09.lua,,1
Chapter_08,Working with Simple Data Structures,Chapter_08/snippet_10.lua,,3
Chapter_08,Working with Simple Data Structures,Chapter_08/snippet_11.lua,,1
Chapter_08,Working with Simple Data Structures,Chapter_08/snippet_12.lua,,2
Chapter_08,Working with Simple Data Structures,Chapter_08/snippet_13.lua,,1
Chapter_08,Working with Simple Data Structures,Chapter_08/snippet_14.lua,,1
Chapter_08,Working with Simple Data Structures,Chapter_08/snippet_15.lua,,6
Chapter_08,Working with Simple Data Structures,Chapter_08/snippet_16.lua,,2
Chapter_08,Working with Simple Data Structures,Chapter_08/snippet_17.lua,,1
Chapter_08,Working with Simple Data Structures,Chapter_08/snippet_18.lua,,5
Chapter_08,Working with Simple Data Structures,Chapter_08/snippet_19.lua,,4
Chapter_08,Working with Simple Data Structures,Chapter_08/snippet_20.lua,,1
Chapter_08,Working with Simple Data Structures,Chapter_08/snippet_21.lua,,1
Chapter_08,Working with Simple Data Structures,Chapter_08/snippet_22.lua,,4
Chapter_08,Working with Simple Data Structures,Chapter_08/snippet_23.lua,,4
Chapter_08,Working with Simple Data Structures,Chapter_08/snippet_24.lua,,14
Chapter_08,Working with Simple Data Structures,Chapter_08/snippet_25.lua,,8
Chapter_08,Working with Simple Data Structures,Chapter_08/snippet_26.lua,,1
Chapter_08,Working with Simple Data Structures,Chapter_08/snippet_27.lua,,10
Chapter_08,Working with Simple Data Structures,Chapter_08/snippet_28.lua,,5
Chapter_08,Working with Simple Data Structures,Chapter_08/snippet_29.lua,,2
Chapter_08,Working with Simple Data Structures,Chapter_08/snippet_30.lua,,1
Chapter_08,Working with Simple Data Structures,Chapter_08/snippet_31.lua,,7
Chapter_08,Working with Simple Data Structures,Chapter_08/snippet_32.lua,,8
Chapter_08,Working with Simple Data Structures,Chapter_08/snippet_33.lua,,5
Chapter_08,Working with Simple Data Structures,Chapter_08/snippet_34.lua,,3
Chapter_08,Working with Simple Data Structures,Chapter_08/snippet_35.lua,,6
Chapter_08,Working with Simple Data Structures,Chapter_08/snippet_36.lua,,11
Chapter_08,Working with Simple Data Structures,Chapter_08/snippet_37.lua,,2
Chapter_09,Error Messages and Debugging for Beginners,Chapter_09/snippet_01.lua,,4
Chapter_09,Error Messages and Debugging for Beginners,Chapter_09/snippet_02.lua,,2
Chapter_09,Error Messages and Debugging for Beginners,Chapter_09/snippet_03.lua,,3
Chapter_09,Error Messages and Debugging for Beginners,Chapter_09/snippet_04.lua,,6
Chapter_09,Error Messages and Debugging for Beginners,Chapter_09/snippet_05.lua,,3
Chapter_09,Error Messages and Debugging for Beginners,Chapter_09/snippet_06.lua,,9
Chapter_09,Error Messages and Debugging for Beginners,Chapter_09/snippet_07.lua,,1
Chapter_09,Error Messages and Debugging for Beginners,Chapter_09/snippet_08.lua,,2
Chapter_09,Error Messages and Debugging for Beginners,Chapter_09/snippet_09.lua,,11
Chapter_09,Error Messages and Debugging for Beginners,Chapter_09/snippet_10.lua,,6
Chapter_09,Error Messages and Debugging for Beginners,Chapter_09/snippet_11.lua,,1
Chapter_09,Error Messages and Debugging for Beginners,Chapter_09/snippet_12.lua,,8
Chapter_09,Error Messages and Debugging for Beginners,Chapter_09/snippet_13.lua,,1
Chapter_09,Error Messages and Debugging for Beginners,Chapter_09/snippet_14.lua,,2
Chapter_09,Error Messages and Debugging for Beginners,Chapter_09/snippet_15.lua,,3
Chapter_09,Error Messages and Debugging for Beginners,Chapter_09/snippet_16.lua,,3
Chapter_09,Error Messages and Debugging for Beginners,Chapter_09/snippet_17.lua,,2
Chapter_10,Building Your First Mini Project,Chapter_10/snippet_01.lua,,2
Chapter_10,Building Your First Mini Project,Chapter_10/todo.lua,todo.lua,26
Chapter_10,Building Your First Mini Project,Chapter_10/snippet_02.lua,,3
Chapter_10,Building Your First Mini Project,Chapter_10/snippet_03.lua,,8
Chapter_10,Building Your First Mini Project,Chapter_10/snippet_04.lua,,1
Chapter_10,Building Your First Mini Project,Chapter_10/snippet_05.lua,,6
Chapter_10,Building Your First Mini Project,Chapter_10/snippet_06.lua,,4
Chapter_10,Building Your First Mini Project,Chapter_10/snippet_07.lua,,5
Chapter_10,Building Your First Mini Project,Chapter_10/snippet_08.lua,,8
Chapter_10,Building Your First Mini Project,Chapter_10/snippet_09.lua,,10
Chapter_10,Building Your First Mini Project,Chapter_10/snippet_10.lua,,2
Chapter_10,Building Your First Mini Project,Chapter_10/snippet_11.lua,,6
Chapter_10,Building Your First Mini Project,Chapter_10/calc.lua,calc.lua,29
Chapter_10,Building Your First Mini Project,Chapter_10/snippet_12.lua,,4
Chapter_10,Building Your First Mini Project,Chapter_10/game.lua,game.lua,11
Chapter_10,Building Your First Mini Project,Chapter_10/snippet_13.lua,,5
Chapter_10,Building Your First Mini Project,Chapter_10/snippet_14.lua,,18
Chapter_10,Building Your First Mini Project,Chapter_10/snippet_15.lua,,4
Chapter_10,Building Your First Mini Project,Chapter_10/snippet_16.lua,,3
Chapter_10,Building Your First Mini Project,Chapter_10/snippet_17.lua,,6
Chapter_10,Building Your First Mini Project,Chapter_10/snippet_18.lua,,3
Chapter_11,Common Beginner Mistakes and How to Avoid Them,Chapter_11/snippet_01.lua,,1
Chapter_11,Common Beginner Mistakes and How to Avoid Them,Chapter_11/snippet_02.lua,,1
Chapter_11,Common Beginner Mistakes and How to Avoid Them,Chapter_11/snippet_03.lua,,2
Chapter_11,Common Beginner Mistakes and How to Avoid Them,Chapter_11/snippet_04.lua,,2
Chapter_11,Common Beginner Mistakes and How to Avoid Them,Chapter_11/snippet_05.lua,,1
Chapter_11,Common Beginner Mistakes and How to Avoid Them,Chapter_11/snippet_06.lua,,2
Chapter_11,Common Beginner Mistakes and How to Avoid Them,Chapter_11/snippet_07.lua,,6
Chapter_11,Common Beginner Mistakes and How to Avoid Them,Chapter_11/snippet_08.lua,,2
Chapter_11,Common Beginner Mistakes and How to Avoid Them,Chapter_11/snippet_09.lua,,2
Chapter_11,Common Beginner Mistakes and How to Avoid Them,Chapter_11/snippet_10.lua,,1
Chapter_11,Common Beginner Mistakes and How to Avoid Them,Chapter_11/snippet_11.lua,,1
Chapter_11,Common Beginner Mistakes and How to Avoid Them,Chapter_11/snippet_12.lua,,2
Chapter_11,Common Beginner Mistakes and How to Avoid Them,Chapter_11/snippet_13.lua,,1
Chapter_11,Common Beginner Mistakes and How to Avoid Them,Chapter_11/snippet_14.lua,,1
Chapter_11,Common Beginner Mistakes and How to Avoid Them,Chapter_11/snippet_15.lua,,4
Chapter_11,Common Beginner Mistakes and How to Avoid Them,Chapter_11/snippet_16.lua,,5
Chapter_11,Common Beginner Mistakes and How to Avoid Them,Chapter_11/snippet_17.lua,,2
Chapter_11,Common Beginner Mistakes and How to Avoid Them,Chapter_11/snippet_18.lua,,2
Chapter_11,Common Beginner Mistakes and How to Avoid Them,Chapter_11/snippet_19.lua,,1
Chapter_11,Common Beginner Mistakes and How to Avoid Them,Chapter_11/snippet_20.lua,,2
Chapter_11,Common Beginner Mistakes and How to Avoid Them,Chapter_11/snippet_21.lua,,1
Chapter_11,Common Beginner Mistakes and How to Avoid Them,Chapter_11/snippet_22.lua,,1
Chapter_11,Common Beginner Mistakes and How to Avoid Them,Chapter_11/snippet_23.lua,,3
Chapter_11,Common Beginner Mistakes and How to Avoid Them,Chapter_11/snippet_24.lua,,2
Chapter_11,Common Beginner Mistakes and How to Avoid Them,Chapter_11/snippet_25.lua,,1
Chapter_11,Common Beginner Mistakes and How to Avoid Them,Chapter_11/snippet_26.lua,,1
Chapter_11,Common Beginner Mistakes and How to Avoid Them,Chapter_11/snippet_27.lua,,2
Chapter_11,Common Beginner Mistakes and How to Avoid Them,Chapter_11/snippet_28.lua,,2
Chapter_12,Next Steps,Chapter_12/snippet_01.lua,,11
Chapter_12,Next Steps,Chapter_12/snippet_02.lua,,3
Chapter_12,Next Steps,Chapter_12/snippet_03.lua,,1
Chapter_12,Next Steps,Chapter_12/snippet_04.lua,,5
Chapter_12,Next Steps,Chapter_12/snippet_05.lua,,1
Chapter_12,Next Steps,Chapter_12/snippet_06.lua,,3
Chapter_12,Next Steps,Chapter_12/snippet_07.lua,,1
Chapter_12,Next Steps,Chapter_12/snippet_08.lua,,1
Chapter_12,Next Steps,Chapter_12/snippet_09.lua,,2
Chapter_12,Next Steps,Chapter_12/snippet_10.lua,,3
Chapter_12,Next Steps,Chapter_12/snippet_11.lua,,1
Chapter_12,Next Steps,Chapter_12/snippet_12.lua,,1
Chapter_12,Next Steps,Chapter_12/snippet_13.lua,,2
Chapter_12,Next Steps,Chapter_12/snippet_14.lua,,1
Chapter_12,Next Steps,Chapter_12/snippet_15.lua,,2
Chapter_12,Next Steps,Chapter_12/snippet_16.lua,,1
Chapter_12,Next Steps,Chapter_12/snippet_17.lua,,7
Chapter_12,Next Steps,Chapter_12/snippet_18.lua,,2
Chapter_12,Next Steps,Chapter_12/snippet_19.lua,,1
Chapter_12,Next Steps,Chapter_12/snippet_20.lua,,5
Chapter_12,Next Steps,Chapter_12/snippet_21.lua,,1
Chapter_12,Next Steps,Chapter_12/snippet_22.lua,,1
Chapter_12,Next Steps,Chapter_12/snippet_23.lua,,1
Chapter_12,Next Steps,Chapter_12/snippet_24.lua,,7
Chapter_12,Next Steps,Chapter_12/snippet_25.lua,,16
Chapter_12,Next Steps,Chapter_12/snippet_26.lua,,2
Chapter_12,Next Steps,Chapter_12/snippet_27.lua,,4
Chapter_12,Next Steps,Chapter_12/snippet_28.lua,,1
Chapter_12,Next Steps,Chapter_12/snippet_29.lua,,1
Chapter_12,Next Steps,Chapter_12/snippet_30.lua,,1
Chapter_12,Next Steps,Chapter_12/snippet_31.lua,,1
Chapter_12,Next Steps,Chapter_12/snippet_32.lua,,4
Chapter_12,Next Steps,Chapter_12/snippet_33.lua,,7
Chapter_12,Next Steps,Chapter_12/snippet_34.lua,,9
Chapter_12,Next Steps,Chapter_12/snippet_35.lua,,1
Chapter_12,Next Steps,Chapter_12/snippet_36.lua,,1
Chapter_12,Next Steps,Chapter_12/snippet_37.lua,,7
Chapter_12,Next Steps,Chapter_12/snippet_38.lua,,5
Chapter_12,Next Steps,Chapter_12/snippet_39.lua,,2
Chapter_12,Next Steps,Chapter_12/snippet_40.lua,,2
Chapter_12,Next Steps,Chapter_12/mymod.lua,mymod.lua,8
Chapter_12,Next Steps,Chapter_12/snippet_41.lua,,2
